{"cameraMode":{"drawMode":0,"name":"Shaded","section":"Shading Mode"},"sceneLighting":true,"audioPlay":false,"sceneViewState":{"showFog":true,"showMaterialUpdate":false,"showSkybox":true,"showFlares":true,"showImageEffects":true,"showParticleSystems":true},"in2DMode":false,"pivot":{"x":-4.110326766967773,"y":12.448533058166504,"z":2.591409683227539},"rotation":{"x":-0.13187800347805024,"y":0.537158191204071,"z":-0.08547654002904892,"w":-0.828711748123169},"size":40.0341911315918,"orthographic":false}