{"cameraMode":{"drawMode":0,"name":"Shaded","section":"Shading Mode"},"sceneLighting":false,"audioPlay":false,"sceneViewState":{"showFog":true,"showMaterialUpdate":false,"showSkybox":true,"showFlares":true,"showImageEffects":true,"showParticleSystems":true},"in2DMode":false,"pivot":{"x":-2.050973415374756,"y":0.006346940994262695,"z":-0.12471853941679001},"rotation":{"x":-0.13187800347805024,"y":0.537158191204071,"z":-0.08547654002904892,"w":-0.828711748123169},"size":7.59552001953125,"orthographic":false}