{"cameraMode":{"drawMode":0,"name":"Shaded","section":"Shading Mode"},"sceneLighting":false,"audioPlay":false,"sceneViewState":{"showFog":true,"showMaterialUpdate":false,"showSkybox":true,"showFlares":true,"showImageEffects":true,"showParticleSystems":true},"in2DMode":false,"pivot":{"x":-2.444875955581665,"y":2.57391619682312,"z":-1.0700000524520875},"rotation":{"x":0.019180523231625558,"y":-0.03059101291000843,"z":-0.000583422661293298,"w":-0.9993478059768677},"size":0.5715764164924622,"orthographic":false}