{"cameraMode":{"drawMode":0,"name":"Shaded","section":"Shading Mode"},"sceneLighting":true,"audioPlay":false,"sceneViewState":{"showFog":true,"showMaterialUpdate":false,"showSkybox":true,"showFlares":true,"showImageEffects":true,"showParticleSystems":true},"in2DMode":false,"pivot":{"x":-0.8411481380462647,"y":0.6398227214813232,"z":1.8261055946350098},"rotation":{"x":-0.036298349499702457,"y":0.013488339260220528,"z":-0.00048597625573165715,"w":-0.9992498755455017},"size":44.92478561401367,"orthographic":false}